{
    "features": 0.01067495346069336,
    "process_features_model_1_pred_0": 7.658480405807495,
    "predict_and_compile_model_1_pred_0": 166.9769992828369,
    "process_features_model_2_pred_0": 1.6836719512939453,
    "predict_and_compile_model_2_pred_0": 156.60447716712952,
    "process_features_model_3_pred_0": 1.3358197212219238,
    "predict_and_compile_model_3_pred_0": 135.86761808395386,
    "process_features_model_4_pred_0": 1.5965297222137451,
    "predict_and_compile_model_4_pred_0": 128.7534897327423,
    "process_features_model_5_pred_0": 1.375844955444336,
    "predict_and_compile_model_5_pred_0": 127.12138032913208,
    "relax_model_1_pred_0": 12.575963497161865
}