{
    "plddts": {
        "model_1_pred_0": 67.25414310801361,
        "model_2_pred_0": 63.89737440661445,
        "model_3_pred_0": 62.453549935158335,
        "model_4_pred_0": 61.18848004992665,
        "model_5_pred_0": 66.12243180854144
    },
    "order": [
        "model_1_pred_0",
        "model_5_pred_0",
        "model_2_pred_0",
        "model_3_pred_0",
        "model_4_pred_0"
    ]
}