"","X.1","X","Gallus_gallus","Danio_rerio","Lepisosteus_oculatus","Ornithorhynchus_anatinus","Homo_sapiens","gorilla_gorilla","Pan_troglodytes","Pongo_abelii","Papio_anubis","Macaca_mulatta","Equus_caballus","lupus_familiaris","Oryctolagus_cuniculus","Felis_catus","Sus_scrofa","Bos_taurus","Ovis_aries","Capra_hircus","Mus_musculus","Rattus_norvegicus","Monodelphis_domestica","picta_bellii"
"ApoA-II",NA,NA,1.37408104856896,1.44347078040479,1.52772287902951,1.73009204860873,1.49725310122432,1.49725310122432,1.52421295287048,1.51191108592912,1.45680732711898,1.45035212512942,1.48263815798421,1.38164820716769,1.40617606567679,1.39702374918019,1.41708167994312,1.38742684046921,1.36719451525169,1.36042372093328,1.41857182468866,1.47739715949487,1.35601209083062,1.30037486650942
